userId,movieId,rating,timestamp,title
308,1,4,887736532,Toy Story (1995)
287,1,5,875334088,Toy Story (1995)
148,1,4,877019411,Toy Story (1995)
280,1,4,891700426,Toy Story (1995)
66,1,3,883601324,Toy Story (1995)
5,1,4,875635748,Toy Story (1995)
109,1,4,880563619,Toy Story (1995)
181,1,3,878962392,Toy Story (1995)
95,1,5,879197329,Toy Story (1995)
268,1,3,875742341,Toy Story (1995)
189,1,5,893264174,Toy Story (1995)
145,1,3,882181396,Toy Story (1995)
158,1,4,880132443,Toy Story (1995)
67,1,3,875379445,Toy Story (1995)
232,1,4,880062302,Toy Story (1995)
150,1,4,878746441,Toy Story (1995)
289,1,3,876789736,Toy Story (1995)
117,1,4,880126083,Toy Story (1995)
49,1,2,888068651,Toy Story (1995)
223,1,4,891549324,Toy Story (1995)
56,1,4,892683248,Toy Story (1995)
17,1,4,885272579,Toy Story (1995)
340,1,5,884990988,Toy Story (1995)
177,1,3,880130699,Toy Story (1995)
194,1,4,879539127,Toy Story (1995)
250,1,4,883263374,Toy Story (1995)
213,1,2,878870719,Toy Story (1995)
350,1,4,882345734,Toy Story (1995)
348,1,4,886523078,Toy Story (1995)
131,1,4,883681384,Toy Story (1995)
106,1,4,881449487,Toy Story (1995)
234,1,3,891227689,Toy Story (1995)
43,1,5,875975579,Toy Story (1995)
20,1,3,879667963,Toy Story (1995)
246,1,4,884920918,Toy Story (1995)
94,1,4,885870323,Toy Story (1995)
279,1,3,875295812,Toy Story (1995)
38,1,5,892430636,Toy Story (1995)
128,1,4,879966919,Toy Story (1995)
96,1,5,884403574,Toy Story (1995)
203,1,3,880434384,Toy Story (1995)
157,1,5,874813703,Toy Story (1995)
311,1,4,884963202,Toy Story (1995)
125,1,4,879454699,Toy Story (1995)
286,1,4,876521699,Toy Story (1995)
83,1,4,880306903,Toy Story (1995)
301,1,4,882074345,Toy Story (1995)
345,1,3,884990938,Toy Story (1995)
18,1,5,880130802,Toy Story (1995)
322,1,2,887314119,Toy Story (1995)
64,1,4,879366214,Toy Story (1995)
45,1,5,881013176,Toy Story (1995)
247,1,4,893097024,Toy Story (1995)
204,1,2,892513979,Toy Story (1995)
271,1,3,886106038,Toy Story (1995)
41,1,4,890692860,Toy Story (1995)
274,1,4,878945466,Toy Story (1995)
222,1,4,877563227,Toy Story (1995)
15,1,1,879455635,Toy Story (1995)
23,1,5,874784615,Toy Story (1995)
141,1,3,884584753,Toy Story (1995)
359,1,4,886453214,Toy Story (1995)
374,1,4,880392992,Toy Story (1995)
380,1,4,885478218,Toy Story (1995)
10,1,4,877888877,Toy Story (1995)
320,1,3,884748604,Toy Story (1995)
160,1,4,876768025,Toy Story (1995)
396,1,4,884646346,Toy Story (1995)
339,1,5,891032349,Toy Story (1995)
199,1,1,883782854,Toy Story (1995)
422,1,3,875130063,Toy Story (1995)
81,1,4,876534949,Toy Story (1995)
42,1,5,881105633,Toy Story (1995)
357,1,5,878951216,Toy Story (1995)
26,1,3,891350625,Toy Story (1995)
327,1,4,887745622,Toy Story (1995)
200,1,5,876042340,Toy Story (1995)
44,1,4,878341315,Toy Story (1995)
256,1,5,882150980,Toy Story (1995)
174,1,3,886433898,Toy Story (1995)
97,1,4,884238911,Toy Story (1995)
243,1,4,879987239,Toy Story (1995)
101,1,3,877136039,Toy Story (1995)
490,1,3,875427148,Toy Story (1995)
242,1,4,879740362,Toy Story (1995)
312,1,5,891698832,Toy Story (1995)
325,1,2,891478665,Toy Story (1995)
456,1,2,881371548,Toy Story (1995)
347,1,4,881652518,Toy Story (1995)
360,1,3,880354315,Toy Story (1995)
450,1,4,887835272,Toy Story (1995)
84,1,2,883452108,Toy Story (1995)
198,1,4,884205081,Toy Story (1995)
494,1,3,879541374,Toy Story (1995)
525,1,4,881085964,Toy Story (1995)
2,1,4,888550871,Toy Story (1995)
62,1,2,879372813,Toy Story (1995)
343,1,5,876402668,Toy Story (1995)
298,1,5,884126061,Toy Story (1995)
459,1,4,879562960,Toy Story (1995)
407,1,4,876338278,Toy Story (1995)
471,1,4,889827881,Toy Story (1995)
535,1,3,879617663,Toy Story (1995)
500,1,4,883865021,Toy Story (1995)
512,1,4,888589126,Toy Story (1995)
275,1,4,875154310,Toy Story (1995)
252,1,5,891456989,Toy Story (1995)
230,1,5,880484370,Toy Story (1995)
249,1,4,879572210,Toy Story (1995)
93,1,5,888705321,Toy Story (1995)
514,1,5,875309276,Toy Story (1995)
193,1,4,890859954,Toy Story (1995)
484,1,5,881450058,Toy Story (1995)
54,1,4,880931595,Toy Story (1995)
75,1,4,884050018,Toy Story (1995)
338,1,3,879438143,Toy Story (1995)
13,1,3,882140487,Toy Story (1995)
472,1,5,892790627,Toy Story (1995)
541,1,4,883874645,Toy Story (1995)
209,1,5,883460644,Toy Story (1995)
144,1,4,888104063,Toy Story (1995)
417,1,4,879646413,Toy Story (1995)
454,1,3,881959818,Toy Story (1995)
313,1,4,891013436,Toy Story (1995)
202,1,3,879727059,Toy Story (1995)
579,1,4,880951740,Toy Story (1995)
447,1,3,878854273,Toy Story (1995)
137,1,3,881433048,Toy Story (1995)
508,1,5,883777430,Toy Story (1995)
1,1,5,874965758,Toy Story (1995)
569,1,4,879793399,Toy Story (1995)
416,1,5,893212483,Toy Story (1995)
291,1,5,874834481,Toy Story (1995)
401,1,2,891032170,Toy Story (1995)
479,1,5,879459939,Toy Story (1995)
567,1,3,882426899,Toy Story (1995)
561,1,2,885807713,Toy Story (1995)
390,1,5,879694066,Toy Story (1995)
162,1,4,877635819,Toy Story (1995)
332,1,4,887938245,Toy Story (1995)
363,1,2,891494563,Toy Story (1995)
455,1,4,878585685,Toy Story (1995)
394,1,4,880886855,Toy Story (1995)
120,1,4,889490412,Toy Story (1995)
297,1,3,874954425,Toy Story (1995)
540,1,3,882157126,Toy Story (1995)
231,1,3,879965704,Toy Story (1995)
560,1,4,879976449,Toy Story (1995)
379,1,4,883156176,Toy Story (1995)
59,1,2,888203053,Toy Story (1995)
99,1,4,886518459,Toy Story (1995)
254,1,3,887347350,Toy Story (1995)
533,1,4,879192521,Toy Story (1995)
441,1,5,891035468,Toy Story (1995)
292,1,4,881104147,Toy Story (1995)
262,1,3,879962366,Toy Story (1995)
483,1,4,878950971,Toy Story (1995)
16,1,5,877717833,Toy Story (1995)
592,1,4,882608021,Toy Story (1995)
526,1,5,885682562,Toy Story (1995)
307,1,5,878066938,Toy Story (1995)
344,1,3,884899372,Toy Story (1995)
649,1,5,891440235,Toy Story (1995)
299,1,3,877877535,Toy Story (1995)
324,1,5,880575412,Toy Story (1995)
545,1,5,879901359,Toy Story (1995)
517,1,3,892659892,Toy Story (1995)
82,1,4,876311241,Toy Story (1995)
658,1,4,875145614,Toy Story (1995)
460,1,2,882911203,Toy Story (1995)
622,1,3,882590344,Toy Story (1995)
429,1,3,882385785,Toy Story (1995)
73,1,2,888626065,Toy Story (1995)
326,1,3,879876159,Toy Story (1995)
330,1,5,876544432,Toy Story (1995)
532,1,5,893119335,Toy Story (1995)
470,1,3,879178428,Toy Story (1995)
620,1,5,889987954,Toy Story (1995)
263,1,5,891299207,Toy Story (1995)
184,1,4,889907652,Toy Story (1995)
577,1,5,880470282,Toy Story (1995)
248,1,3,884535744,Toy Story (1995)
699,1,3,878882272,Toy Story (1995)
534,1,5,877807718,Toy Story (1995)
505,1,3,889333414,Toy Story (1995)
425,1,2,878737873,Toy Story (1995)
691,1,5,875543346,Toy Story (1995)
406,1,4,879446107,Toy Story (1995)
432,1,2,889415983,Toy Story (1995)
657,1,3,884239123,Toy Story (1995)
305,1,5,886323153,Toy Story (1995)
487,1,5,883443504,Toy Story (1995)
77,1,5,884732808,Toy Story (1995)
235,1,4,889655571,Toy Story (1995)
151,1,5,879524151,Toy Story (1995)
642,1,5,885603565,Toy Story (1995)
708,1,5,877325375,Toy Story (1995)
244,1,4,880604405,Toy Story (1995)
735,1,4,876698796,Toy Story (1995)
523,1,5,883701763,Toy Story (1995)
749,1,4,881602577,Toy Story (1995)
705,1,5,883427101,Toy Story (1995)
636,1,3,891448229,Toy Story (1995)
276,1,5,874786568,Toy Story (1995)
635,1,4,878879283,Toy Story (1995)
478,1,4,889387931,Toy Story (1995)
381,1,5,892697394,Toy Story (1995)
92,1,4,875810511,Toy Story (1995)
467,1,4,879532459,Toy Story (1995)
716,1,5,879793192,Toy Story (1995)
763,1,4,878915559,Toy Story (1995)
465,1,4,883530054,Toy Story (1995)
613,1,4,891227410,Toy Story (1995)
588,1,4,890015684,Toy Story (1995)
676,1,5,892686188,Toy Story (1995)
643,1,5,891445287,Toy Story (1995)
562,1,2,879194894,Toy Story (1995)
178,1,4,882823805,Toy Story (1995)
677,1,4,889399229,Toy Story (1995)
253,1,5,891628467,Toy Story (1995)
697,1,5,882622481,Toy Story (1995)
614,1,5,879464093,Toy Story (1995)
798,1,4,875295695,Toy Story (1995)
777,1,4,875979431,Toy Story (1995)
637,1,4,882902924,Toy Story (1995)
371,1,4,877487440,Toy Story (1995)
290,1,5,880474327,Toy Story (1995)
770,1,5,875972219,Toy Story (1995)
618,1,4,891308063,Toy Story (1995)
684,1,4,875810928,Toy Story (1995)
89,1,5,879461219,Toy Story (1995)
706,1,4,880997324,Toy Story (1995)
6,1,4,883599478,Toy Story (1995)
63,1,3,875747368,Toy Story (1995)
674,1,4,887762799,Toy Story (1995)
648,1,5,882211109,Toy Story (1995)
65,1,3,879217290,Toy Story (1995)
497,1,4,879309955,Toy Story (1995)
731,1,2,886184421,Toy Story (1995)
378,1,4,880044251,Toy Story (1995)
655,1,2,887650876,Toy Story (1995)
395,1,5,883765062,Toy Story (1995)
835,1,3,891033420,Toy Story (1995)
768,1,5,883835025,Toy Story (1995)
402,1,5,876266860,Toy Story (1995)
435,1,5,884131712,Toy Story (1995)
134,1,5,891732756,Toy Story (1995)
817,1,4,874815835,Toy Story (1995)
761,1,1,876190094,Toy Story (1995)
634,1,3,875728872,Toy Story (1995)
807,1,4,892528231,Toy Story (1995)
554,1,3,876231938,Toy Story (1995)
790,1,3,884461306,Toy Story (1995)
503,1,5,879438233,Toy Story (1995)
486,1,4,879874870,Toy Story (1995)
632,1,3,879458692,Toy Story (1995)
804,1,5,879442661,Toy Story (1995)
650,1,3,891369759,Toy Story (1995)
831,1,4,891354573,Toy Story (1995)
654,1,4,887863557,Toy Story (1995)
493,1,3,884130416,Toy Story (1995)
365,1,4,891303999,Toy Story (1995)
710,1,4,882064377,Toy Story (1995)
612,1,4,875324876,Toy Story (1995)
610,1,4,888703157,Toy Story (1995)
468,1,5,875280395,Toy Story (1995)
296,1,5,884196689,Toy Story (1995)
723,1,3,880499050,Toy Story (1995)
168,1,5,884287509,Toy Story (1995)
130,1,5,874953595,Toy Story (1995)
488,1,3,891294896,Toy Story (1995)
621,1,3,880227233,Toy Story (1995)
868,1,4,877103320,Toy Story (1995)
678,1,5,879544882,Toy Story (1995)
663,1,4,889492679,Toy Story (1995)
424,1,1,880859493,Toy Story (1995)
597,1,3,875339723,Toy Story (1995)
669,1,5,892549412,Toy Story (1995)
885,1,5,885714990,Toy Story (1995)
756,1,4,874826629,Toy Story (1995)
788,1,3,880867970,Toy Story (1995)
79,1,4,891271870,Toy Story (1995)
727,1,3,883708660,Toy Story (1995)
879,1,4,887761865,Toy Story (1995)
897,1,5,879994113,Toy Story (1995)
796,1,2,892660251,Toy Story (1995)
887,1,5,881377972,Toy Story (1995)
746,1,4,885075714,Toy Story (1995)
602,1,4,888638547,Toy Story (1995)
771,1,5,880659449,Toy Story (1995)
580,1,3,884125243,Toy Story (1995)
794,1,4,891035864,Toy Story (1995)
759,1,5,875227798,Toy Story (1995)
411,1,4,892845604,Toy Story (1995)
872,1,3,888479151,Toy Story (1995)
821,1,5,874792813,Toy Story (1995)
624,1,4,879792581,Toy Story (1995)
388,1,5,886436813,Toy Story (1995)
744,1,4,881171926,Toy Story (1995)
25,1,5,885853415,Toy Story (1995)
438,1,4,879868096,Toy Story (1995)
883,1,3,891914583,Toy Story (1995)
921,1,3,879379601,Toy Story (1995)
216,1,4,880232615,Toy Story (1995)
138,1,4,879023031,Toy Story (1995)
295,1,4,879517580,Toy Story (1995)
789,1,3,880332089,Toy Story (1995)
886,1,4,876031433,Toy Story (1995)
303,1,5,879466966,Toy Story (1995)
336,1,3,877759342,Toy Story (1995)
893,1,5,874827725,Toy Story (1995)
550,1,3,883425913,Toy Story (1995)
792,1,4,877910822,Toy Story (1995)
823,1,4,878438206,Toy Story (1995)
773,1,3,888539232,Toy Story (1995)
896,1,4,887158579,Toy Story (1995)
864,1,5,877214125,Toy Story (1995)
715,1,5,875961843,Toy Story (1995)
913,1,2,880758579,Toy Story (1995)
458,1,4,886394423,Toy Story (1995)
742,1,4,881335281,Toy Story (1995)
830,1,4,891560596,Toy Story (1995)
733,1,2,879535129,Toy Story (1995)
518,1,4,876823143,Toy Story (1995)
293,1,2,888904861,Toy Story (1995)
463,1,1,890453075,Toy Story (1995)
630,1,4,885666779,Toy Story (1995)
929,1,3,878402162,Toy Story (1995)
714,1,3,892776123,Toy Story (1995)
679,1,3,884487688,Toy Story (1995)
924,1,5,884371535,Toy Story (1995)
210,1,5,887731052,Toy Story (1995)
660,1,3,891406276,Toy Story (1995)
698,1,4,886366815,Toy Story (1995)
764,1,4,876244181,Toy Story (1995)
805,1,4,881695527,Toy Story (1995)
665,1,4,884290491,Toy Story (1995)
58,1,5,884304483,Toy Story (1995)
251,1,4,886272009,Toy Story (1995)
549,1,5,881672182,Toy Story (1995)
751,1,3,889132162,Toy Story (1995)
785,1,4,879439137,Toy Story (1995)
609,1,1,886896185,Toy Story (1995)
903,1,3,891031280,Toy Story (1995)
703,1,4,875242851,Toy Story (1995)
72,1,4,880035614,Toy Story (1995)
826,1,4,885690250,Toy Story (1995)
314,1,5,877886317,Toy Story (1995)
916,1,4,880843361,Toy Story (1995)
933,1,3,874854294,Toy Story (1995)
387,1,4,886480681,Toy Story (1995)
108,1,4,879879720,Toy Story (1995)
389,1,4,879915860,Toy Story (1995)
553,1,3,879949153,Toy Story (1995)
182,1,4,885613092,Toy Story (1995)
919,1,4,875289321,Toy Story (1995)
403,1,4,879785974,Toy Story (1995)
661,1,5,876016545,Toy Story (1995)
815,1,5,878691975,Toy Story (1995)
854,1,3,882812225,Toy Story (1995)
331,1,1,877196567,Toy Story (1995)
890,1,4,882402975,Toy Story (1995)
124,1,3,890287733,Toy Story (1995)
882,1,5,879864558,Toy Story (1995)
779,1,4,875501555,Toy Story (1995)
542,1,4,886532534,Toy Story (1995)
852,1,4,891036457,Toy Story (1995)
605,1,4,879365748,Toy Story (1995)
399,1,4,882340657,Toy Story (1995)
294,1,5,877819634,Toy Story (1995)
870,1,5,889717102,Toy Story (1995)
277,1,4,879544145,Toy Story (1995)
690,1,4,881179631,Toy Story (1995)
537,1,2,886029889,Toy Story (1995)
838,1,5,887064024,Toy Story (1995)
412,1,4,879716962,Toy Story (1995)
653,1,4,878855383,Toy Story (1995)
847,1,3,878775523,Toy Story (1995)
201,1,3,884113635,Toy Story (1995)
606,1,5,878148365,Toy Story (1995)
881,1,4,876535796,Toy Story (1995)
769,1,4,885423720,Toy Story (1995)
664,1,4,878090087,Toy Story (1995)
918,1,3,891987059,Toy Story (1995)
576,1,4,886985079,Toy Story (1995)
680,1,4,876816224,Toy Story (1995)
536,1,5,882318394,Toy Story (1995)
889,1,3,880177104,Toy Story (1995)
57,1,5,883698581,Toy Story (1995)
393,1,3,887743611,Toy Story (1995)
521,1,2,884475825,Toy Story (1995)
745,1,2,880122809,Toy Story (1995)
726,1,4,890079166,Toy Story (1995)
867,1,4,880078521,Toy Story (1995)
70,1,4,884065277,Toy Story (1995)
419,1,4,879435590,Toy Story (1995)
922,1,5,891448551,Toy Story (1995)
894,1,4,880416286,Toy Story (1995)
599,1,4,880951657,Toy Story (1995)
910,1,4,880822060,Toy Story (1995)
829,1,4,891990554,Toy Story (1995)
738,1,5,892844079,Toy Story (1995)
901,1,5,877129870,Toy Story (1995)
795,1,4,883767204,Toy Story (1995)
843,1,3,879446186,Toy Story (1995)
102,1,3,883748352,Toy Story (1995)
757,1,4,888443974,Toy Story (1995)
930,1,3,879534525,Toy Story (1995)
899,1,3,884120105,Toy Story (1995)
730,1,4,880310285,Toy Story (1995)
121,1,4,891388475,Toy Story (1995)
548,1,4,891043182,Toy Story (1995)
936,1,4,886832453,Toy Story (1995)
457,1,4,882393244,Toy Story (1995)
793,1,4,875104091,Toy Story (1995)
767,1,5,891462829,Toy Story (1995)
806,1,4,882385082,Toy Story (1995)
934,1,2,891225958,Toy Story (1995)
822,1,4,891037291,Toy Story (1995)
689,1,3,876676211,Toy Story (1995)
935,1,3,884472064,Toy Story (1995)
839,1,4,875751723,Toy Story (1995)
495,1,4,888632943,Toy Story (1995)
582,1,4,882961257,Toy Story (1995)
892,1,5,886608185,Toy Story (1995)
701,1,4,891447139,Toy Story (1995)
721,1,5,877137877,Toy Story (1995)
880,1,4,880166744,Toy Story (1995)
927,1,5,879191524,Toy Story (1995)
434,1,4,886724590,Toy Story (1995)
865,1,1,880143424,Toy Story (1995)
552,1,3,879221716,Toy Story (1995)
923,1,3,880387306,Toy Story (1995)
692,1,4,876953340,Toy Story (1995)
917,1,3,882910888,Toy Story (1995)
21,1,5,874951244,Toy Story (1995)
902,1,5,879465583,Toy Story (1995)
748,1,4,879455040,Toy Story (1995)
938,1,4,891356314,Toy Story (1995)
932,1,4,891249932,Toy Story (1995)
941,1,5,875049144,Toy Story (1995)
907,1,5,880158712,Toy Story (1995)
265,1,5,875320247,Toy Story (1995)
709,1,4,879847730,Toy Story (1995)
445,1,3,891199749,Toy Story (1995)
398,1,5,875652927,Toy Story (1995)
682,1,4,888523054,Toy Story (1995)
895,1,4,879437950,Toy Story (1995)
747,1,5,888639138,Toy Story (1995)
786,1,4,882841828,Toy Story (1995)
800,1,4,887646283,Toy Story (1995)
593,1,3,875659150,Toy Story (1995)
5,2,3,875636053,GoldenEye (1995)
268,2,2,875744173,GoldenEye (1995)
276,2,4,874792436,GoldenEye (1995)
217,2,3,889069782,GoldenEye (1995)
87,2,4,879876074,GoldenEye (1995)
250,2,4,878090414,GoldenEye (1995)
201,2,2,884112487,GoldenEye (1995)
64,2,3,889737609,GoldenEye (1995)
13,2,3,882397650,GoldenEye (1995)
95,2,2,888955909,GoldenEye (1995)
213,2,4,878955914,GoldenEye (1995)
373,2,4,877100416,GoldenEye (1995)
293,2,3,888907101,GoldenEye (1995)
193,2,3,890860198,GoldenEye (1995)
363,2,4,891495809,GoldenEye (1995)
256,2,5,882164480,GoldenEye (1995)
200,2,4,884130046,GoldenEye (1995)
207,2,3,877822770,GoldenEye (1995)
393,2,4,887746206,GoldenEye (1995)
222,2,3,878183837,GoldenEye (1995)
399,2,3,882512708,GoldenEye (1995)
301,2,2,882076587,GoldenEye (1995)
379,2,3,880525540,GoldenEye (1995)
387,2,4,886483195,GoldenEye (1995)
92,2,3,875653699,GoldenEye (1995)
450,2,4,882474001,GoldenEye (1995)
303,2,3,879467191,GoldenEye (1995)
178,2,4,882827375,GoldenEye (1995)
83,2,4,881971771,GoldenEye (1995)
407,2,4,875553509,GoldenEye (1995)
327,2,2,887820385,GoldenEye (1995)
1,2,3,876893171,GoldenEye (1995)
325,2,1,891478772,GoldenEye (1995)
455,2,4,879111786,GoldenEye (1995)
30,2,3,875061066,GoldenEye (1995)
320,2,4,884749281,GoldenEye (1995)
405,2,1,885547953,GoldenEye (1995)
466,2,1,890284819,GoldenEye (1995)
536,2,4,882360227,GoldenEye (1995)
346,2,5,875263473,GoldenEye (1995)
197,2,3,891409981,GoldenEye (1995)
72,2,3,880037376,GoldenEye (1995)
110,2,3,886988536,GoldenEye (1995)
600,2,3,888451908,GoldenEye (1995)
622,2,4,882671363,GoldenEye (1995)
551,2,2,892784780,GoldenEye (1995)
618,2,2,891309091,GoldenEye (1995)
495,2,2,888635595,GoldenEye (1995)
497,2,1,879310883,GoldenEye (1995)
429,2,3,882387599,GoldenEye (1995)
280,2,3,891701278,GoldenEye (1995)
398,2,3,875718614,GoldenEye (1995)
660,2,2,891201151,GoldenEye (1995)
653,2,1,880151839,GoldenEye (1995)
378,2,2,880333851,GoldenEye (1995)
130,2,4,876252327,GoldenEye (1995)
749,2,4,878849375,GoldenEye (1995)
374,2,4,880939035,GoldenEye (1995)
22,2,2,878887925,GoldenEye (1995)
425,2,2,878738757,GoldenEye (1995)
487,2,3,883531122,GoldenEye (1995)
757,2,3,888466490,GoldenEye (1995)
705,2,3,883428058,GoldenEye (1995)
472,2,5,892790676,GoldenEye (1995)
709,2,4,879848511,GoldenEye (1995)
416,2,4,886317115,GoldenEye (1995)
561,2,3,885809752,GoldenEye (1995)
292,2,4,881105778,GoldenEye (1995)
305,2,2,886324580,GoldenEye (1995)
521,2,3,886063310,GoldenEye (1995)
249,2,3,879641284,GoldenEye (1995)
727,2,4,883711874,GoldenEye (1995)
796,2,5,893048377,GoldenEye (1995)
774,2,1,888557383,GoldenEye (1995)
773,2,3,888540146,GoldenEye (1995)
271,2,1,885849386,GoldenEye (1995)
566,2,5,881650739,GoldenEye (1995)
627,2,3,879531352,GoldenEye (1995)
751,2,4,889298116,GoldenEye (1995)
543,2,3,877546306,GoldenEye (1995)
642,2,4,885606787,GoldenEye (1995)
899,2,3,884122563,GoldenEye (1995)
484,2,4,891195391,GoldenEye (1995)
830,2,3,891561806,GoldenEye (1995)
846,2,5,883948949,GoldenEye (1995)
864,2,4,888889657,GoldenEye (1995)
806,2,3,882389862,GoldenEye (1995)
682,2,3,888522541,GoldenEye (1995)
385,2,3,879446786,GoldenEye (1995)
655,2,3,888474138,GoldenEye (1995)
870,2,2,879714351,GoldenEye (1995)
648,2,4,884882742,GoldenEye (1995)
435,2,4,884132619,GoldenEye (1995)
916,2,3,880845391,GoldenEye (1995)
738,2,3,875351530,GoldenEye (1995)
715,2,3,875964926,GoldenEye (1995)
506,2,4,874874850,GoldenEye (1995)
880,2,3,880167732,GoldenEye (1995)
934,2,4,891192087,GoldenEye (1995)
621,2,3,880739909,GoldenEye (1995)
279,2,4,875313311,GoldenEye (1995)
746,2,3,885075304,GoldenEye (1995)
686,2,3,879546443,GoldenEye (1995)
643,2,3,891448218,GoldenEye (1995)
640,2,4,874778568,GoldenEye (1995)
790,2,3,885156988,GoldenEye (1995)
804,2,4,879445493,GoldenEye (1995)
42,2,5,881109271,GoldenEye (1995)
532,2,5,893119336,GoldenEye (1995)
892,2,4,886609006,GoldenEye (1995)
924,2,3,886759997,GoldenEye (1995)
102,2,2,888801522,GoldenEye (1995)
764,2,3,876244856,GoldenEye (1995)
844,2,4,877387933,GoldenEye (1995)
632,2,4,879459505,GoldenEye (1995)
671,2,4,884035892,GoldenEye (1995)
943,2,5,888639953,GoldenEye (1995)
267,2,3,878972463,GoldenEye (1995)
826,2,3,885690713,GoldenEye (1995)
650,2,3,891381709,GoldenEye (1995)
896,2,3,887160000,GoldenEye (1995)
795,2,3,883252599,GoldenEye (1995)
234,2,2,892335142,GoldenEye (1995)
442,2,3,883390544,GoldenEye (1995)
868,2,2,877112290,GoldenEye (1995)
815,2,3,878696355,GoldenEye (1995)
798,2,4,875743787,GoldenEye (1995)
49,2,1,888069606,GoldenEye (1995)
807,2,4,892978338,GoldenEye (1995)
886,2,4,876033368,GoldenEye (1995)
889,2,3,880182460,GoldenEye (1995)
181,3,2,878963441,Four Rooms (1995)
81,3,4,876592546,Four Rooms (1995)
160,3,3,876770124,Four Rooms (1995)
130,3,5,876250897,Four Rooms (1995)
49,3,3,888068877,Four Rooms (1995)
320,3,4,884748978,Four Rooms (1995)
157,3,3,886890734,Four Rooms (1995)
145,3,3,875271562,Four Rooms (1995)
95,3,1,879193881,Four Rooms (1995)
99,3,3,885679237,Four Rooms (1995)
267,3,4,878970901,Four Rooms (1995)
417,3,4,879646344,Four Rooms (1995)
62,3,3,879372325,Four Rooms (1995)
246,3,2,884923390,Four Rooms (1995)
221,3,4,875244901,Four Rooms (1995)
463,3,2,877386083,Four Rooms (1995)
456,3,4,881371660,Four Rooms (1995)
293,3,2,888905399,Four Rooms (1995)
393,3,3,887745293,Four Rooms (1995)
406,3,3,879540228,Four Rooms (1995)
59,3,4,888203814,Four Rooms (1995)
459,3,2,879563288,Four Rooms (1995)
486,3,2,879875347,Four Rooms (1995)
303,3,3,879485184,Four Rooms (1995)
43,3,2,884029543,Four Rooms (1995)
472,3,5,892790676,Four Rooms (1995)
500,3,4,883865786,Four Rooms (1995)
537,3,2,886030317,Four Rooms (1995)
497,3,4,879309715,Four Rooms (1995)
523,3,4,883702474,Four Rooms (1995)
244,3,5,880602451,Four Rooms (1995)
429,3,2,882386785,Four Rooms (1995)
569,3,1,879795551,Four Rooms (1995)
82,3,2,878768765,Four Rooms (1995)
301,3,2,882075082,Four Rooms (1995)
453,3,4,877552717,Four Rooms (1995)
104,3,3,888465739,Four Rooms (1995)
487,3,5,883444583,Four Rooms (1995)
343,3,4,876406256,Four Rooms (1995)
269,3,3,891446722,Four Rooms (1995)
432,3,3,889416260,Four Rooms (1995)
551,3,5,892784093,Four Rooms (1995)
582,3,3,882961723,Four Rooms (1995)
435,3,3,884133911,Four Rooms (1995)
342,3,2,875318606,Four Rooms (1995)
682,3,3,888519113,Four Rooms (1995)
534,3,4,877808031,Four Rooms (1995)
346,3,3,875265392,Four Rooms (1995)
747,3,2,888733567,Four Rooms (1995)
548,3,1,891415967,Four Rooms (1995)
276,3,3,874786924,Four Rooms (1995)
806,3,2,882385916,Four Rooms (1995)
268,3,1,875743161,Four Rooms (1995)
291,3,3,874833936,Four Rooms (1995)
756,3,1,874829174,Four Rooms (1995)
450,3,4,882398220,Four Rooms (1995)
336,3,1,877758935,Four Rooms (1995)
606,3,5,880922084,Four Rooms (1995)
751,3,3,889299391,Four Rooms (1995)
886,3,3,876032330,Four Rooms (1995)
795,3,2,880561783,Four Rooms (1995)
63,3,2,875748068,Four Rooms (1995)
561,3,3,885810390,Four Rooms (1995)
595,3,4,886922069,Four Rooms (1995)
854,3,1,882813047,Four Rooms (1995)
660,3,1,891405958,Four Rooms (1995)
654,3,3,887864071,Four Rooms (1995)
714,3,5,892777876,Four Rooms (1995)
280,3,2,891702406,Four Rooms (1995)
923,3,4,880387707,Four Rooms (1995)
586,3,5,884068767,Four Rooms (1995)
207,3,2,877846284,Four Rooms (1995)
663,3,4,889492614,Four Rooms (1995)
286,3,2,876522316,Four Rooms (1995)
1,3,4,878542960,Four Rooms (1995)
624,3,3,879793436,Four Rooms (1995)
621,3,5,881444887,Four Rooms (1995)
216,3,4,880233061,Four Rooms (1995)
793,3,4,875104592,Four Rooms (1995)
936,3,4,886833148,Four Rooms (1995)
889,3,4,880177664,Four Rooms (1995)
580,3,5,884125916,Four Rooms (1995)
592,3,4,882608960,Four Rooms (1995)
622,3,1,882672922,Four Rooms (1995)
916,3,3,880843838,Four Rooms (1995)
859,3,5,885775513,Four Rooms (1995)
917,3,1,882911567,Four Rooms (1995)
699,3,3,879147917,Four Rooms (1995)
910,3,2,881421019,Four Rooms (1995)
880,3,1,880175023,Four Rooms (1995)
99,4,5,886519097,Get Shorty (1995)
19,4,4,885412840,Get Shorty (1995)
194,4,4,879521397,Get Shorty (1995)
207,4,4,876198457,Get Shorty (1995)
62,4,4,879374640,Get Shorty (1995)
295,4,4,879518568,Get Shorty (1995)
201,4,4,884111830,Get Shorty (1995)
10,4,4,877889130,Get Shorty (1995)
308,4,5,887737890,Get Shorty (1995)
328,4,3,885047895,Get Shorty (1995)
109,4,2,880572756,Get Shorty (1995)
334,4,3,891548345,Get Shorty (1995)
77,4,3,884752721,Get Shorty (1995)
346,4,4,874948105,Get Shorty (1995)
222,4,3,878183924,Get Shorty (1995)
160,4,4,876861754,Get Shorty (1995)
291,4,4,874835062,Get Shorty (1995)
279,4,4,875296461,Get Shorty (1995)
130,4,2,875801778,Get Shorty (1995)
264,4,4,886123656,Get Shorty (1995)
385,4,2,879445260,Get Shorty (1995)
352,4,3,884290328,Get Shorty (1995)
378,4,3,880045612,Get Shorty (1995)
276,4,4,874791623,Get Shorty (1995)
216,4,5,880234469,Get Shorty (1995)
342,4,4,874984395,Get Shorty (1995)
256,4,5,882164525,Get Shorty (1995)
280,4,3,891700733,Get Shorty (1995)
320,4,3,884749306,Get Shorty (1995)
221,4,3,875245462,Get Shorty (1995)
412,4,3,879717253,Get Shorty (1995)
218,4,3,877488546,Get Shorty (1995)
312,4,3,891698832,Get Shorty (1995)
435,4,4,884132146,Get Shorty (1995)
389,4,4,879991352,Get Shorty (1995)
379,4,5,880525598,Get Shorty (1995)
64,4,3,889739138,Get Shorty (1995)
87,4,5,879876524,Get Shorty (1995)
13,4,5,882141306,Get Shorty (1995)
398,4,2,875723337,Get Shorty (1995)
387,4,3,886482969,Get Shorty (1995)
115,4,4,881172117,Get Shorty (1995)
457,4,4,882397829,Get Shorty (1995)
18,4,3,880132150,Get Shorty (1995)
407,4,4,876340144,Get Shorty (1995)
327,4,4,887819161,Get Shorty (1995)
16,4,5,877726390,Get Shorty (1995)
468,4,5,875296868,Get Shorty (1995)
268,4,4,875309829,Get Shorty (1995)
336,4,4,877757790,Get Shorty (1995)
234,4,4,892334610,Get Shorty (1995)
373,4,4,877100232,Get Shorty (1995)
406,4,2,880131792,Get Shorty (1995)
514,4,4,875463440,Get Shorty (1995)
287,4,4,875336652,Get Shorty (1995)
487,4,4,883531003,Get Shorty (1995)
394,4,4,880888037,Get Shorty (1995)
533,4,3,888845066,Get Shorty (1995)
339,4,4,891033653,Get Shorty (1995)
210,4,4,887730443,Get Shorty (1995)
144,4,4,888105873,Get Shorty (1995)
472,4,3,875980418,Get Shorty (1995)
535,4,3,879618777,Get Shorty (1995)
455,4,3,879111786,Get Shorty (1995)
559,4,4,891035876,Get Shorty (1995)
83,4,2,880336655,Get Shorty (1995)
92,4,4,875654222,Get Shorty (1995)
421,4,3,892241624,Get Shorty (1995)
297,4,1,875240201,Get Shorty (1995)
621,4,4,874962988,Get Shorty (1995)
481,4,3,885829196,Get Shorty (1995)
450,4,3,882373865,Get Shorty (1995)
654,4,4,887864830,Get Shorty (1995)
393,4,4,889555384,Get Shorty (1995)
271,4,5,885849357,Get Shorty (1995)
249,4,4,879572142,Get Shorty (1995)
608,4,3,880406168,Get Shorty (1995)
343,4,5,876408139,Get Shorty (1995)
577,4,4,880474635,Get Shorty (1995)
411,4,4,892845634,Get Shorty (1995)
219,4,4,889452481,Get Shorty (1995)
666,4,5,880314477,Get Shorty (1995)
543,4,4,875658853,Get Shorty (1995)
345,4,4,884993619,Get Shorty (1995)
592,4,4,882956418,Get Shorty (1995)
504,4,4,887839260,Get Shorty (1995)
12,4,5,879960826,Get Shorty (1995)
527,4,2,879456162,Get Shorty (1995)
618,4,2,891308459,Get Shorty (1995)
650,4,3,891386695,Get Shorty (1995)
648,4,1,884881646,Get Shorty (1995)
640,4,4,874778065,Get Shorty (1995)
429,4,4,882385684,Get Shorty (1995)
537,4,2,886031634,Get Shorty (1995)
344,4,4,884901235,Get Shorty (1995)
593,4,4,877728878,Get Shorty (1995)
627,4,2,879531248,Get Shorty (1995)
712,4,4,874730179,Get Shorty (1995)
286,4,5,877531899,Get Shorty (1995)
709,4,3,879848551,Get Shorty (1995)
198,4,3,884209536,Get Shorty (1995)
7,4,5,891351772,Get Shorty (1995)
318,4,2,884497516,Get Shorty (1995)
94,4,4,891721168,Get Shorty (1995)
757,4,5,888466461,Get Shorty (1995)
645,4,4,892055347,Get Shorty (1995)
189,4,5,893265741,Get Shorty (1995)
795,4,4,881253238,Get Shorty (1995)
671,4,5,884035939,Get Shorty (1995)
532,4,5,893119415,Get Shorty (1995)
796,4,5,893048150,Get Shorty (1995)
476,4,4,883364143,Get Shorty (1995)
682,4,3,888521599,Get Shorty (1995)
293,4,4,888906489,Get Shorty (1995)
758,4,4,881977375,Get Shorty (1995)
716,4,2,879796046,Get Shorty (1995)
771,4,1,880659748,Get Shorty (1995)
301,4,4,882077033,Get Shorty (1995)
562,4,1,879196517,Get Shorty (1995)
197,4,3,891409981,Get Shorty (1995)
747,4,4,888733111,Get Shorty (1995)
326,4,1,879876688,Get Shorty (1995)
860,4,4,885991163,Get Shorty (1995)
363,4,5,891494962,Get Shorty (1995)
629,4,3,880117513,Get Shorty (1995)
774,4,2,888556090,Get Shorty (1995)
659,4,3,891383917,Get Shorty (1995)
232,4,4,888550130,Get Shorty (1995)
151,4,5,879524922,Get Shorty (1995)
495,4,3,888633129,Get Shorty (1995)
456,4,3,881374849,Get Shorty (1995)
886,4,3,876031601,Get Shorty (1995)
22,4,5,878886571,Get Shorty (1995)
538,4,3,877107726,Get Shorty (1995)
1,4,3,876893119,Get Shorty (1995)
453,4,4,877554490,Get Shorty (1995)
880,4,4,880167843,Get Shorty (1995)
653,4,3,878866755,Get Shorty (1995)
600,4,4,888451908,Get Shorty (1995)
804,4,4,879442192,Get Shorty (1995)
299,4,3,889503074,Get Shorty (1995)
875,4,3,876466687,Get Shorty (1995)
561,4,3,885809044,Get Shorty (1995)
497,4,3,879310825,Get Shorty (1995)
554,4,2,876369560,Get Shorty (1995)
854,4,2,882814436,Get Shorty (1995)
84,4,3,883453713,Get Shorty (1995)
405,4,4,885547314,Get Shorty (1995)
49,4,2,888069512,Get Shorty (1995)
690,4,3,881177459,Get Shorty (1995)
374,4,2,880395924,Get Shorty (1995)
417,4,3,879648360,Get Shorty (1995)
625,4,4,892000372,Get Shorty (1995)
919,4,1,875374032,Get Shorty (1995)
524,4,4,884636498,Get Shorty (1995)
707,4,3,886286170,Get Shorty (1995)
940,4,2,885922040,Get Shorty (1995)
916,4,4,880844395,Get Shorty (1995)
43,4,4,875981421,Get Shorty (1995)
883,4,4,891694276,Get Shorty (1995)
315,4,4,879821065,Get Shorty (1995)
881,4,3,876538286,Get Shorty (1995)
889,4,3,880180765,Get Shorty (1995)
303,4,4,879467936,Get Shorty (1995)
846,4,5,883948908,Get Shorty (1995)
474,4,5,887927588,Get Shorty (1995)
764,4,3,876245421,Get Shorty (1995)
102,4,2,888801522,Get Shorty (1995)
715,4,4,875964300,Get Shorty (1995)
933,4,3,874854383,Get Shorty (1995)
749,4,4,878847863,Get Shorty (1995)
347,4,4,881654452,Get Shorty (1995)
466,4,3,890285034,Get Shorty (1995)
805,4,2,881694798,Get Shorty (1995)
484,4,4,891195154,Get Shorty (1995)
790,4,3,885156773,Get Shorty (1995)
823,4,5,878438607,Get Shorty (1995)
934,4,5,891195713,Get Shorty (1995)
622,4,4,882671120,Get Shorty (1995)
253,4,4,891628670,Get Shorty (1995)
896,4,3,887159173,Get Shorty (1995)
903,4,4,891033564,Get Shorty (1995)
416,4,4,876699903,Get Shorty (1995)
763,4,5,878917877,Get Shorty (1995)
738,4,4,875351486,Get Shorty (1995)
664,4,4,876526152,Get Shorty (1995)
786,4,4,882844294,Get Shorty (1995)
871,4,3,888193338,Get Shorty (1995)
788,4,3,880868401,Get Shorty (1995)
638,4,4,876695108,Get Shorty (1995)
642,4,3,885605768,Get Shorty (1995)
748,4,4,879454912,Get Shorty (1995)
591,4,4,891040366,Get Shorty (1995)
780,4,3,891363969,Get Shorty (1995)
425,4,4,878738290,Get Shorty (1995)
158,4,4,880134477,Get Shorty (1995)
643,4,4,891448136,Get Shorty (1995)
833,4,3,875123781,Get Shorty (1995)
579,4,2,880952271,Get Shorty (1995)
551,4,2,892783711,Get Shorty (1995)
851,4,5,875731489,Get Shorty (1995)
913,4,4,874786460,Get Shorty (1995)
59,4,4,888205188,Get Shorty (1995)
826,4,4,885690526,Get Shorty (1995)
882,4,4,879868118,Get Shorty (1995)
655,4,2,887611649,Get Shorty (1995)
233,4,3,877663337,Get Shorty (1995)
864,4,4,888890690,Get Shorty (1995)
870,4,2,879270213,Get Shorty (1995)
293,5,3,888906576,Copycat (1995)
43,5,4,875981421,Copycat (1995)
311,5,3,884365853,Copycat (1995)
109,5,3,880580637,Copycat (1995)
344,5,3,884901533,Copycat (1995)
145,5,3,875272196,Copycat (1995)
314,5,4,877889724,Copycat (1995)
308,5,4,887739608,Copycat (1995)
280,5,4,891701066,Copycat (1995)
44,5,4,878347598,Copycat (1995)
269,5,2,891450780,Copycat (1995)
388,5,4,886441083,Copycat (1995)
218,5,3,881288574,Copycat (1995)
332,5,5,888360370,Copycat (1995)
363,5,1,891497047,Copycat (1995)
276,5,3,874792692,Copycat (1995)
102,5,3,888803002,Copycat (1995)
437,5,2,880143663,Copycat (1995)
291,5,5,874834799,Copycat (1995)
234,5,3,892334338,Copycat (1995)
435,5,2,884133046,Copycat (1995)
270,5,5,876956064,Copycat (1995)
375,5,4,886622066,Copycat (1995)
447,5,3,878856422,Copycat (1995)
188,5,4,875074266,Copycat (1995)
207,5,3,880839802,Copycat (1995)
339,5,3,891034953,Copycat (1995)
374,5,4,880937875,Copycat (1995)
92,5,4,875654432,Copycat (1995)
255,5,2,883216599,Copycat (1995)
405,5,4,885545070,Copycat (1995)
130,5,4,876251650,Copycat (1995)
593,5,4,875671525,Copycat (1995)
256,5,5,882164727,Copycat (1995)
504,5,4,887912462,Copycat (1995)
13,5,1,882396869,Copycat (1995)
21,5,2,874951761,Copycat (1995)
406,5,4,880132276,Copycat (1995)
551,5,4,892783314,Copycat (1995)
378,5,3,880332609,Copycat (1995)
604,5,2,883668261,Copycat (1995)
562,5,4,879196576,Copycat (1995)
72,5,4,880037418,Copycat (1995)
648,5,4,884883476,Copycat (1995)
666,5,2,880568465,Copycat (1995)
1,5,3,889751712,Copycat (1995)
417,5,4,879648593,Copycat (1995)
393,5,3,887746849,Copycat (1995)
372,5,4,876869445,Copycat (1995)
741,5,3,891455671,Copycat (1995)
303,5,2,879484534,Copycat (1995)
399,5,3,882345001,Copycat (1995)
671,5,2,883949781,Copycat (1995)
633,5,3,877212085,Copycat (1995)
796,5,4,893194607,Copycat (1995)
422,5,3,879744085,Copycat (1995)
367,5,4,876689991,Copycat (1995)
763,5,4,878920895,Copycat (1995)
805,5,4,881695293,Copycat (1995)
727,5,3,883711680,Copycat (1995)
345,5,3,884992922,Copycat (1995)
682,5,3,888520799,Copycat (1995)
925,5,4,884718156,Copycat (1995)
655,5,2,887523641,Copycat (1995)
368,5,3,889783454,Copycat (1995)
886,5,3,876032929,Copycat (1995)
892,5,4,886611354,Copycat (1995)
28,5,3,881961600,Copycat (1995)
425,5,1,878738887,Copycat (1995)
833,5,1,879818535,Copycat (1995)
919,5,4,875374088,Copycat (1995)
776,5,4,892920320,Copycat (1995)
916,5,3,880845099,Copycat (1995)
546,5,5,885141411,Copycat (1995)
864,5,4,888889657,Copycat (1995)
709,5,4,879848167,Copycat (1995)
468,5,3,875287686,Copycat (1995)
118,5,2,875385256,Copycat (1995)
907,5,5,881030348,Copycat (1995)
506,5,4,874874947,Copycat (1995)
135,5,3,879857868,Copycat (1995)
643,5,3,891449741,Copycat (1995)
577,5,4,880475318,Copycat (1995)
267,5,3,878972399,Copycat (1995)
814,5,3,885411030,Copycat (1995)
880,5,3,880241379,Copycat (1995)
63,6,3,875747439,Shanghai Triad (Yao a yao yao dao waipo qiao) (1995)
1,6,5,887431973,Shanghai Triad (Yao a yao yao dao waipo qiao) (1995)
90,6,4,891384357,Shanghai Triad (Yao a yao yao dao waipo qiao) (1995)
9,6,5,886960055,Shanghai Triad (Yao a yao yao dao waipo qiao) (1995)
79,6,4,891271901,Shanghai Triad (Yao a yao yao dao waipo qiao) (1995)
409,6,4,881109306,Shanghai Triad (Yao a yao yao dao waipo qiao) (1995)
18,6,5,880130764,Shanghai Triad (Yao a yao yao dao waipo qiao) (1995)
486,6,4,879874902,Shanghai Triad (Yao a yao yao dao waipo qiao) (1995)
198,6,2,884206270,Shanghai Triad (Yao a yao yao dao waipo qiao) (1995)
568,6,3,877907235,Shanghai Triad (Yao a yao yao dao waipo qiao) (1995)
181,6,1,878962866,Shanghai Triad (Yao a yao yao dao waipo qiao) (1995)
662,6,5,880571006,Shanghai Triad (Yao a yao yao dao waipo qiao) (1995)
76,6,5,875028165,Shanghai Triad (Yao a yao yao dao waipo qiao) (1995)
537,6,2,886029806,Shanghai Triad (Yao a yao yao dao waipo qiao) (1995)
590,6,5,879439145,Shanghai Triad (Yao a yao yao dao waipo qiao) (1995)
924,6,4,886759441,Shanghai Triad (Yao a yao yao dao waipo qiao) (1995)
655,6,4,887425812,Shanghai Triad (Yao a yao yao dao waipo qiao) (1995)
773,6,3,888538620,Shanghai Triad (Yao a yao yao dao waipo qiao) (1995)
707,6,3,886285627,Shanghai Triad (Yao a yao yao dao waipo qiao) (1995)
870,6,4,875680311,Shanghai Triad (Yao a yao yao dao waipo qiao) (1995)
806,6,2,882385063,Shanghai Triad (Yao a yao yao dao waipo qiao) (1995)
828,6,1,891035614,Shanghai Triad (Yao a yao yao dao waipo qiao) (1995)
524,6,5,884627388,Shanghai Triad (Yao a yao yao dao waipo qiao) (1995)
936,6,5,886832636,Shanghai Triad (Yao a yao yao dao waipo qiao) (1995)
758,6,2,881976919,Shanghai Triad (Yao a yao yao dao waipo qiao) (1995)
71,6,3,880864124,Shanghai Triad (Yao a yao yao dao waipo qiao) (1995)
250,7,4,878089716,Twelve Monkeys (1995)
10,7,4,877892210,Twelve Monkeys (1995)
66,7,3,883601355,Twelve Monkeys (1995)
291,7,5,874834481,Twelve Monkeys (1995)
198,7,4,884205317,Twelve Monkeys (1995)
104,7,3,888465972,Twelve Monkeys (1995)
